time,price,fundamental_value,log_return,fundamental_shock,log_mispricing,sentiment,optimists,pessimists,fundamentalists
0,98.0577,99.3189,-0.0196146,-0.00683403,-0.00683403,0.00220592,33393,33246,33361
1,100.593,99.8423,0.0255233,0.00525567,0.0180362,-0.000764927,33311,33362,33327
2,98.433,99.4823,-0.0217032,-0.00361191,-0.011099,0.0002251,33326,33311,33363
3,100.513,99.473,0.0209131,-9.40328e-05,0.0105102,-0.000495473,33285,33318,33397
4,100.575,100.837,0.000611985,0.0136232,0.00322028,0.00121737,33309,33228,33463
5,101.228,100.074,0.00647709,-0.00759653,-0.00498824,0.00378845,33385,33133,33482
6,98.9076,99.7214,-0.0231915,-0.00353262,-0.0149979,0.00350318,33372,33139,33489
7,100.94,99.9948,0.0203363,0.0027385,0.0109321,0.000345652,33282,33259,33459
8,99.1247,100.239,-0.0181444,0.00244168,-0.00696251,0.00552669,33477,33109,33414
9,101.602,100.793,0.0246838,0.00550904,0.016691,0.00425072,33430,33147,33423
10,102.807,101.498,0.01179,0.00696765,-0.00102516,0.00654733,33514,33078,33408
11,100.263,101.123,-0.0250553,-0.00370214,-0.0165173,0.00625225,33476,33060,33464
12,102.353,101.236,0.0206263,0.00111838,0.00965641,0.00489475,33464,33138,33398
13,100.383,101.568,-0.0194302,0.00327072,-0.0076992,0.00489622,33454,33128,33418
14,102.701,101.707,0.0228246,0.00136802,0.0130991,-0.001097,33236,33309,33455
15,100.436,101.472,-0.0223007,-0.00230813,-0.0120337,0.00136844,33295,33204,33501
16,102.612,101.545,0.0214412,0.000715404,0.0109824,-0.000225608,33236,33251,33513
17,103.578,102.443,0.00936958,0.00880668,-0.00165212,0.00584901,33448,33059,33493
18,100.123,100.838,-0.0339288,-0.0157916,-0.0268133,0.00778228,33475,32958,33567
19,101.991,100.685,0.0184825,-0.00151553,0.00559993,0.0042934,33333,33048,33619
20,102.362,101.85,0.00363524,0.0115045,-0.00137805,0.00703557,33422,32955,33623
21,102.6,102.37,0.0023254,0.00508714,7.3846e-05,0.00555848,33377,33008,33615
22,100.652,102.029,-0.0191747,-0.00333392,-0.00558548,0.00635064,33436,33014,33550
23,102.893,101.848,0.0220248,-0.00177471,0.0118145,0.00320633,33322,33109,33569
24,100.714,101.875,-0.021405,0.000267071,-0.0099432,0.00611059,33424,33018,33558
25,102.81,101.68,0.0205988,-0.00191768,0.00954417,0.00478584,33382,33064,33554
26,100.821,102.144,-0.0195346,0.00455137,-0.00650321,0.00192638,33287,33159,33554
27,103.006,101.955,0.0214397,-0.00185399,0.0111774,-0.00433422,33080,33368,33552
28,100.411,101.354,-0.0255157,-0.00591099,-0.0161733,-0.00146003,33170,33267,33563
29,102.881,101.971,0.0243013,0.00606713,0.0154096,-0.00469625,33062,33374,33564
30,100.706,101.854,-0.0213744,-0.00113916,-0.0100309,-0.00412166,33102,33376,33522
31,102.783,101.696,0.0204146,-0.00156123,0.00978228,-0.0108086,32901,33620,33479
32,100.186,101.104,-0.0255863,-0.00583295,-0.0164652,-0.00777011,33010,33527,33463
33,102.107,100.925,0.0189871,-0.00177229,0.00734875,-0.0108438,32930,33652,33418
34,101.588,101.643,-0.0050922,0.00708579,-0.00455258,-0.00697053,33051,33515,33434
35,101.096,101.327,-0.00485289,-0.00310991,-0.00257028,-0.00551573,33085,33452,33463
36,100.734,101.284,-0.00359013,-0.000422978,0.00185963,-0.00356257,33144,33381,33475
37,102.637,101.357,0.0187211,0.000712495,0.00616225,-0.00127864,33196,33281,33523
38,100.725,102.11,-0.018811,0.00740242,-0.00515646,0.00319277,33306,33094,33600
39,102.699,101.473,0.0194127,-0.00625568,0.00739881,-0.00361642,33062,33302,33636
40,100.476,101.591,-0.021887,0.00116052,-0.0108533,-0.00069346,33144,33190,33666
41,102.769,101.756,0.0225657,0.0016241,0.0126577,-0.00319749,33045,33257,33698
42,100.323,101.303,-0.0240855,-0.00445703,-0.014365,0.000739232,33167,33118,33715
43,102.351,101.186,0.0200076,-0.00115361,0.00856693,-0.0010566,33090,33160,33750
44,100.004,101.014,-0.0231992,-0.00170275,-0.0131435,0.00326008,33236,33020,33744
45,102.237,101.194,0.0220835,0.00178147,0.0118373,0.00351842,33228,32995,33777
46,100.012,101.061,-0.0219974,-0.00132421,-0.0115705,0.00513456,33279,32939,33782
47,102.329,101.338,0.0229049,0.00273934,0.0131663,0.000936867,33120,33058,33822
48,103.164,101.888,0.00812335,0.00541936,-0.00431928,0.00420066,33229,32951,33820
49,101.003,102.126,-0.021175,0.002333,-0.0101096,0.00456014,33264,32962,33774
50,103.599,102.693,0.0253823,0.0055341,0.0165995,-3.02215e-05,33088,33090,33822
51,101.53,102.728,-0.0201745,0.000340949,-0.00844184,0.00311348,33185,32979,33836
52,101.297,102.016,-0.00229969,-0.00695749,0.00477522,0.000120831,33108,33100,33792
53,103.472,102.37,0.0212434,0.00346533,0.0105402,-0.000665095,33056,33100,33844
54,101.219,102.307,-0.0220117,-0.000611709,-0.0113148,0.00046854,33097,33066,33837
55,100.613,101.458,-0.00600258,-0.00833802,0.00235884,-0.00267683,32973,33150,33877
56,103.102,102.178,0.0244348,0.00707216,0.0154336,-0.0010582,33040,33110,33850
57,100.989,102.163,-0.0207019,-0.000146781,-0.00914803,0.00111772,33140,33066,33794
58,102.854,101.517,0.0182961,-0.00634401,0.00520986,-0.0035773,33007,33244,33749
59,100.377,101.348,-0.0243766,-0.00166516,-0.0147514,-0.00530268,32921,33272,33807
60,102.578,101.545,0.0216913,0.0019448,0.01157,-0.00775194,32832,33345,33823
61,100.473,101.642,-0.0207399,0.000951978,-0.00916926,-0.00442685,32947,33240,33813
62,102.483,101.351,0.0198098,-0.00286501,0.00870562,-0.00726597,32859,33340,33801
63,99.7263,100.584,-0.0272673,-0.00759814,-0.0187023,-0.0033669,33005,33228,33767
64,98.9499,100.144,-0.00781595,-0.00438524,0.00417974,-0.00947524,32825,33453,33722
65,101.133,100.125,0.0218262,-0.000190952,0.0118047,-0.0108938,32777,33499,33724
66,98.5941,99.5061,-0.0254285,-0.00619894,-0.0162204,-0.00883032,32832,33417,33751
67,100.96,100.047,0.0237114,0.00541728,0.0146253,-0.0120602,32726,33525,33749
68,98.7592,99.8182,-0.0220376,-0.00228532,-0.0113714,-0.00967445,32808,33449,33743
69,101.518,100.722,0.0275531,0.00901752,0.0196837,-0.0121752,32697,33503,33800
70,101.233,101.025,-0.0028155,0.00299803,-0.00487134,-0.00899215,32842,33438,33720
71,101.155,100.952,-0.00076761,-0.000716853,-0.00277269,-0.00751562,32882,33380,33738
72,101.268,101.03,0.00111099,0.000764509,-0.00124058,-0.00855578,32852,33419,33729
73,101.795,100.915,0.00519849,-0.00113425,-0.00348581,-0.00789327,32868,33391,33741
74,99.44,100.468,-0.0234101,-0.00443814,-0.0131224,-0.00542124,32931,33290,33779
75,101.533,100.416,0.0208318,-0.000523568,0.00976407,-0.0101938,32771,33446,33783
76,99.0614,100.033,-0.0246459,-0.00381842,-0.0148861,-0.00918901,32779,33387,33834
77,101.263,100.246,0.0219841,0.00212518,0.011885,-0.0134506,32639,33529,33832
78,99.1866,100.405,-0.0207214,0.00159062,-0.00850847,-0.0116999,32648,33421,33931
79,102.12,101.339,0.029149,0.0092602,0.0214731,-0.0166705,32472,33573,33955
80,100.146,101.478,-0.0195213,0.0013647,-0.00631123,-0.0129418,32605,33460,33935
81,102.777,101.911,0.0259337,0.00426043,0.0174705,-0.0139835,32577,33501,33922
82,100.784,102.059,-0.0195814,0.00144637,-0.00701683,-0.00940657,32751,33373,33876
83,102.973,101.898,0.0214827,-0.0015733,0.0109913,-0.0111598,32696,33434,33870
84,100.416,101.358,-0.0251461,-0.00531369,-0.0158051,-0.00938024,32791,33412,33797
85,102.879,101.945,0.0242362,0.0057688,0.0151098,-0.0114036,32726,33481,33793
86,100.151,101.015,-0.0268807,-0.00915609,-0.0182826,-0.00950165,32785,33414,33801
87,99.7721,100.534,-0.00378641,-0.00477762,0.00382056,-0.0113672,32745,33498,33757
88,101.922,100.872,0.0213233,0.00335487,0.0109618,-0.0122629,32702,33514,33784
89,100.046,101.397,-0.0185857,0.00519169,-0.00516977,-0.00843506,32856,33415,33729
90,102.491,101.577,0.0241513,0.00177799,0.0151939,-0.0125464,32741,33573,33686
91,100.509,101.761,-0.019531,0.00180704,-0.00715034,-0.0114745,32780,33541,33679
92,102.918,101.978,0.0236843,0.00213449,0.0145151,-0.0117835,32749,33530,33721
93,100.682,101.765,-0.0219609,-0.00209088,-0.0112601,-0.0125096,32720,33549,33731
94,102.929,101.918,0.0220706,0.0014981,0.012199,-0.0140259,32688,33618,33694
95,100.931,102.174,-0.0196031,0.00251154,-0.00736004,-0.0149479,32653,33644,33703
96,103.201,102.194,0.0222455,0.000192972,0.0124361,-0.0153874,32666,33687,33647
97,100.831,101.826,-0.0232342,-0.0036074,-0.0134168,-0.0126762,32752,33593,33655
98,101.092,101.306,0.00258133,-0.00511821,0.00469925,-0.0139044,32694,33616,33690
99,101.297,101.135,0.00202583,-0.00169083,0.000427091,-0.0147754,32640,33619,33741
100,101.276,101.37,-0.000208379,0.00231602,0.000717275,-0.0138239,32673,33589,33738
101,101.132,101.111,-0.00141887,-0.00255739,-0.00163173,-0.0114911,32732,33493,33775
102,100.673,100.888,-0.00455237,-0.00220794,-0.00242081,-0.0122566,32719,33531,33750
103,100.456,100.361,-0.0021581,-0.00523828,-0.00310673,-0.0114228,32757,33514,33729
104,99.98,100.493,-0.00474783,0.00131555,0.000366923,-0.0128565,32709,33561,33730
105,99.6191,100.38,-0.00361629,-0.00112076,0.00399399,-0.0102082,32821,33498,33681
106,101.554,100.214,0.0192359,-0.00165882,0.00595146,-0.00868464,32874,33450,33676
107,99.6388,101.008,-0.0190376,0.00789384,-0.00539061,-0.00421941,33040,33320,33640
108,102.235,101.301,0.025723,0.00289767,0.0165447,-0.00266731,33091,33268,33641
109,103.408,102.204,0.0114082,0.00887877,-0.000299551,0.000602664,33206,33166,33628
110,100.462,101.31,-0.0289042,-0.00879222,-0.0205,0.00123516,33235,33153,33612
111,102.355,100.969,0.0186653,-0.00336941,0.00503483,-0.00331355,33087,33307,33606
112,100.191,101.357,-0.0213648,0.00383852,-0.00979191,0.00123572,33220,33138,33642
113,102.41,101.331,0.021902,-0.000260535,0.0113124,-0.00480603,33028,33347,33625
114,100.223,101.379,-0.0215835,0.000472598,-0.010117,-0.00344937,33080,33309,33611
115,102.227,101.038,0.0198002,-0.00336427,0.00810227,-0.00611704,32983,33389,33628
116,100.021,101.171,-0.0218228,0.00131227,-0.0103857,-0.00316398,33081,33291,33628
117,102.285,101.284,0.0223845,0.00111355,0.0125506,-0.00672132,32955,33401,33644
118,100.031,101.135,-0.0222759,-0.00146799,-0.0113018,-0.00343923,33033,33261,33706
119,99.3679,99.9575,-0.00665432,-0.0117132,-0.000739113,-0.00407154,33022,33292,33686
120,99.1324,99.846,-0.00237352,-0.00111536,0.00479985,-0.00627054,32963,33379,33658
121,101.182,100.06,0.0204685,0.00213945,0.00931281,-0.00890691,32881,33472,33647
122,98.83,99.8466,-0.023523,-0.00213333,-0.013289,-0.00556826,33039,33409,33552
123,100.762,99.575,0.019361,-0.00272475,0.00750921,-0.009386,32929,33553,33518
124,100.491,100.339,-0.00269444,0.0076437,-0.00420809,-0.00545955,33063,33426,33511
125,99.8818,100.196,-0.00608095,-0.00142622,-0.00293987,-0.00656152,33006,33442,33552
126,99.3004,100.106,-0.00583729,-0.000902153,0.00223893,-0.00874513,32928,33509,33563
127,101.26,100.121,0.0195457,0.000154618,0.00823083,-0.0096731,32915,33558,33527
128,99.2316,100.5,-0.0202395,0.00377837,-0.00753646,-0.0100582,32922,33591,33487
129,98.6537,99.1753,-0.00584011,-0.01327,-0.000566964,-0.010463,32912,33608,33480
130,100.496,99.1699,0.0185051,-5.43572e-05,0.00521879,-0.00836317,32963,33519,33518
131,98.2088,99.2515,-0.0230252,0.000822362,-0.0124639,-0.00428617,33104,33389,33507
132,100.218,99.0809,0.0202477,-0.00172085,0.00884041,-0.00829252,33007,33559,33434
133,98.0299,99.1158,-0.0220707,0.000352189,-0.0110551,-0.00425199,33137,33420,33443
134,100.63,99.7679,0.0261825,0.00655851,0.0175741,-0.00707171,32996,33466,33538
135,98.4808,99.5682,-0.0215934,-0.00200439,-0.0106128,-0.00130939,33178,33265,33557
136,100.619,99.5424,0.0214795,-0.000258835,0.0107218,-0.00222737,33149,33297,33554
137,98.4253,99.4652,-0.0220435,-0.00077632,-0.011534,0.00335687,33327,33104,33569
138,100.923,100.017,0.0250583,0.00553555,0.016045,0.00213855,33271,33129,33600
139,98.7672,99.8057,-0.0215902,-0.00211749,-0.0111308,0.00712768,33417,32944,33639
140,101.312,100.42,0.0254351,0.00613836,0.0165977,0.00241364,33225,33065,33710
141,99.0924,100.106,-0.022148,-0.00313268,-0.01197,0.00589486,33360,32969,33671
142,100.988,99.7022,0.0189474,-0.00404312,0.00613485,0.00535292,33337,32982,33681
143,98.5219,99.4242,-0.024722,-0.00279276,-0.0156053,0.00524744,33333,32985,33682
144,100.551,99.4421,0.0203844,0.000180535,0.00929723,-0.00181099,33071,33191,33738
145,98.2683,99.2471,-0.0229615,-0.00196317,-0.0130504,0.00190183,33189,33063,33748
146,100.523,99.5663,0.0226816,0.00321071,0.0131219,-0.000573706,33099,33137,33764
147,97.1542,97.8487,-0.0340834,-0.0174007,-0.0269604,0.00360771,33243,33004,33753
148,96.4806,97.3887,-0.00695793,-0.00471244,0.00241049,-0.00149342,33096,33195,33709
149,98.5132,97.4754,0.0208484,0.000890259,0.0102587,-0.000256515,33128,33145,33727
150,95.7106,96.4718,-0.0288614,-0.0103493,-0.020939,0.00786546,33380,32859,33761
151,97.6989,96.6461,0.0205618,0.00180436,0.00972666,0.00520967,33284,32939,33777
152,95.6799,96.7435,-0.0208824,0.0010075,-0.00982765,0.00835158,33384,32831,33785
153,97.4316,96.1802,0.0181426,-0.00583942,0.00521534,0.00534582,33287,32933,33780
154,95.0907,95.9812,-0.0243194,-0.00207083,-0.0149981,0.00880279,33406,32823,33771
155,94.555,95.3926,-0.00564988,-0.00615221,0.00316914,0.00368602,33220,32976,33804
156,96.4511,95.3286,0.0198544,-0.000670741,0.00814827,0.00675686,33301,32854,33845
157,94.2276,95.1618,-0.0233223,-0.00175133,-0.0134574,0.00860465,33348,32779,33873
158,96.3562,95.3925,0.022338,0.00242174,0.0122866,0.00683192,33306,32854,33840
159,94.1724,95.1015,-0.0229246,-0.00305505,-0.0131065,0.0105906,33446,32745,33809
160,96.3607,95.4231,0.0229709,0.00337526,0.0131934,0.0079268,33378,32853,33769
161,94.1905,95.1343,-0.0227791,-0.00303102,-0.0128086,0.00960377,33430,32794,33776
162,93.9122,94.5441,-0.00295833,-0.00622274,0.00374784,0.00776294,33363,32849,33788
163,95.6774,94.4532,0.0186218,-0.000962526,0.00574364,0.00840006,33373,32817,33810
164,95.9899,95.2759,0.00326113,0.00867288,-0.00420527,0.00997371,33417,32757,33826
165,96.4328,95.5383,0.00460264,0.00275042,-0.00471597,0.0107286,33444,32734,33822
166,94.3144,95.3214,-0.0222118,-0.0022735,-0.0115921,0.00916905,33404,32797,33799
167,96.2109,95.0577,0.019908,-0.00277026,0.00784942,0.00903783,33438,32839,33723
168,94.432,95.7034,-0.0186626,0.00676967,-0.00528891,0.0108955,33494,32772,33734
169,96.1842,94.9097,0.0183857,-0.00832728,0.0050464,0.00840641,33408,32851,33741
170,94.0084,94.9816,-0.0228807,0.000757352,-0.012582,0.00791302,33372,32848,33780
171,95.9797,94.9319,0.020752,-0.000523311,0.00977548,0.00536068,33289,32934,33777
172,94.0393,95.1521,-0.0204236,0.00231655,-0.00866001,0.00560144,33302,32931,33767
173,95.9816,94.9029,0.0204432,-0.00262225,0.00914132,0.00621887,33331,32919,33750
174,93.6802,94.5665,-0.0242698,-0.00355063,-0.0148525,0.00979296,33409,32761,33830
175,93.8484,93.616,0.00179471,-0.0101024,-0.000685119,0.00937009,33394,32774,33832
176,94.068,93.4109,0.00233679,-0.00219368,-0.00467351,0.00734516,33326,32840,33834
177,91.9674,92.8808,-0.0225835,-0.00569091,-0.0127012,0.00868329,33339,32765,33896
178,93.9848,92.9981,0.0216991,0.00126233,0.0111446,0.00756132,33313,32813,33874
179,91.9686,92.9715,-0.021686,-0.000286217,-0.0108407,0.0114147,33449,32694,33857
180,91.6769,92.2452,-0.00317669,-0.00784291,0.00300235,0.00986986,33407,32754,33839
181,93.6789,92.6792,0.0216023,0.00469363,0.0108727,0.00994559,33409,32751,33840
182,91.759,92.7993,-0.0207078,0.00129605,-0.00943363,0.0142379,33516,32575,33909
183,93.5437,92.3778,0.0192637,-0.00455272,0.00672146,0.0114274,33412,32657,33931
184,91.3391,92.2145,-0.0238502,-0.00176949,-0.0143117,0.0135675,33468,32572,33960
185,93.0981,91.9495,0.0190749,-0.00287835,0.0066601,0.00767217,33295,32788,33917
186,91.2981,92.4066,-0.0195241,0.00495918,-0.00745565,0.011633,33437,32668,33895
187,93.31,92.3408,0.0217973,-0.000711699,0.0113567,0.00858966,33347,32779,33874
188,91.3854,92.4085,-0.0208419,0.000732434,-0.00970819,0.0128837,33491,32639,33870
189,93.3908,92.4304,0.0217078,0.000237034,0.0113707,0.00777633,33306,32792,33902
190,91.4702,92.4943,-0.0207794,0.000691004,-0.00964609,0.0101967,33387,32713,33900
191,93.2988,92.2169,0.0197935,-0.00300412,0.0081292,0.00491538,33222,32897,33881
192,91.0704,91.9197,-0.0241745,-0.00322804,-0.0148923,0.00956098,33367,32735,33898
193,90.9307,91.3787,-0.00153548,-0.005902,0.00338024,0.00641006,33285,32861,33854
194,89.2803,90.4134,-0.0183164,-0.0106209,-0.00570515,0.00801209,33340,32810,33850
195,91.0805,90.0186,0.0199631,-0.0043753,0.00823592,0.00634364,33314,32894,33792
196,91.2231,90.9073,0.00156456,0.00982408,-0.00190313,0.00728251,33334,32852,33814
197,89.5498,90.7601,-0.0185138,-0.00162141,-0.00508909,0.00631134,33324,32906,33770
198,89.0054,89.9959,-0.00609729,-0.00845574,0.00496899,0.00516195,33298,32956,33746
199,89.0711,89.2447,0.000738012,-0.00838183,0.00268444,0.00723895,33394,32914,33692
200,87.4298,88.5398,-0.0185986,-0.00792995,-0.00598352,0.00546909,33368,33005,33627
201,89.2835,88.2864,0.0209799,-0.00286632,0.00974879,0.00266546,33291,33114,33595
202,87.2903,88.1897,-0.0225775,-0.00109516,-0.0123263,0.00768826,33488,32977,33535
203,89.0432,87.9744,0.0198821,-0.00244421,0.00780707,0.00656053,33447,33011,33542
204,87.2494,88.2424,-0.020351,0.00304163,-0.00903344,0.00812641,33495,32955,33550
205,89.0582,88.037,0.0205201,-0.00233006,0.00898752,0.00469512,33382,33070,33548
206,87.1222,88.0188,-0.0219787,-0.000207338,-0.0117399,0.00774283,33449,32935,33616
207,87.1166,87.5064,-6.47133e-05,-0.00583827,0.00440051,0.00305967,33275,33072,33653
208,87.5537,86.998,0.00500593,-0.00582727,-0.00136204,0.00471506,33348,33035,33617
209,85.9392,86.9703,-0.0186124,-0.000317731,-0.0066857,0.00557615,33362,32992,33646
210,88.2077,87.4342,0.0260543,0.00531929,0.017246,0.00420377,33324,33045,33631
211,89.2341,87.7687,0.0115686,0.00381815,-0.00499012,0.00581904,33360,32974,33666
212,86.9818,87.7668,-0.0255648,-2.12938e-05,-0.0165801,0.0103208,33528,32843,33629
213,89.0637,88.1975,0.0236536,0.00489591,0.0138807,0.00682424,33417,32964,33619
214,89.8609,88.9494,0.00891119,0.00848855,-0.00128439,0.0095284,33480,32848,33672
215,87.7448,88.5753,-0.0238309,-0.00421502,-0.0144106,0.0142463,33639,32694,33667
216,89.8126,88.9183,0.0232934,0.00386555,0.0132858,0.0106466,33509,32803,33688
217,87.886,88.8031,-0.0216854,-0.00129707,-0.0113046,0.0112702,33559,32811,33630
218,90.466,89.7576,0.0289338,0.0106919,0.0210726,0.00652767,33383,32950,33667
219,88.6184,89.5855,-0.020635,-0.0019191,-0.00978028,0.00678467,33388,32938,33674
220,90.3912,89.2944,0.0198079,-0.00325486,0.00759984,0.00650223,33358,32927,33715
221,88.4788,89.3932,-0.0213843,0.00110586,-0.0111022,0.0088557,33436,32849,33715
222,90.4786,89.5539,0.0223505,0.00179523,0.0120772,0.00735128,33367,32880,33753
223,88.7383,89.7586,-0.019422,0.00228367,-0.00798961,0.00968881,33452,32810,33738
224,90.6186,89.6168,0.0209678,-0.00158071,0.00985165,0.00632596,33327,32908,33765
225,88.8257,89.8097,-0.0199832,0.0021493,-0.00896688,0.00973894,33437,32792,33771
226,91.3923,90.664,0.0284851,0.00946788,0.0204842,0.00599689,33299,32902,33799
227,89.7025,90.7829,-0.0186624,0.00131087,-0.00668999,0.00364197,33207,32966,33827
228,91.669,90.6972,0.0216859,-0.000945067,0.0110273,0.00403622,33209,32942,33849
229,89.9695,91.0518,-0.0187144,0.00390276,-0.0067558,0.00383895,33209,32955,33836
230,91.8944,90.9004,0.0211693,-0.00166476,0.0102939,0.000392761,33112,33086,33802
231,89.8919,90.7949,-0.0220317,-0.00116054,-0.012036,0.00122266,33165,33084,33751
232,90.4928,89.7791,0.00666284,-0.0112517,-0.00125603,0.00235536,33194,33038,33768
233,88.2609,88.9608,-0.0249731,-0.00915644,-0.0170753,0.00306716,33194,32991,33815
234,88.5891,88.491,0.00371085,-0.00529468,0.00260314,0.000861326,33117,33060,33823
235,88.9379,88.3839,0.00393028,-0.00121054,-0.00231824,0.000151039,33109,33099,33792
236,89.4188,88.5123,0.00539165,0.00145077,-0.00479774,0.000619139,33131,33090,33779
237,87.4894,88.3354,-0.0218123,-0.00199984,-0.0121892,-0.00099734,33055,33121,33824
238,89.5912,88.7321,0.0237385,0.00448028,0.0141034,-0.00255422,32998,33167,33835
239,87.6204,88.5522,-0.022243,-0.00202947,-0.0116646,-0.000998336,33022,33088,33890
240,89.7459,88.9028,0.0239685,0.00395149,0.0145299,-0.00343435,32935,33162,33903
241,89.8193,89.3962,0.000818007,0.00553464,-0.00390405,-0.00251294,32946,33112,33942
242,89.7779,90.088,-0.000461217,0.00770867,0.00298662,-0.00307087,32951,33154,33895
243,91.7281,90.7218,0.0214903,0.00701126,0.0104591,-0.00329903,32931,33149,33920
244,89.406,90.2084,-0.025641,-0.00567531,-0.0167065,-0.00116481,33014,33091,33895
245,91.1253,89.9472,0.0190478,-0.0028997,0.00603483,-0.00282806,32968,33155,33877
246,89.0268,89.9,-0.0232984,-0.000524885,-0.0135379,6.05272e-05,33045,33041,33914
247,90.9324,89.9459,0.0211787,0.000510526,0.010271,-0.00240439,32985,33144,33871
248,88.8482,89.7131,-0.0231872,-0.00259227,-0.0135,0.00176863,33135,33018,33847
249,90.9731,90.121,0.0236348,0.00453715,0.0142244,-0.00253976,32990,33158,33852
250,88.4254,89.139,-0.0284046,-0.0109563,-0.0203667,-0.00102896,33009,33077,33914
251,90.0821,88.9339,0.0185621,-0.0023036,0.00573422,-0.00323732,32945,33159,33896
252,87.9932,88.83,-0.0234619,-0.00116942,-0.0139973,-0.00145234,33002,33098,33900
253,89.6294,88.4846,0.0184232,-0.00389595,0.00556863,-0.00495222,32852,33179,33969
254,87.8142,88.8041,-0.02046,0.00360487,-0.00924971,-0.00433255,32863,33149,33988
255,89.8858,89.0334,0.0233177,0.0025784,0.0137887,-0.00350366,32850,33081,34069
256,87.9401,88.8347,-0.0218844,-0.00223377,-0.0117627,0.00154756,33006,32904,34090
257,89.6414,88.5532,0.0191612,-0.00317411,0.00694756,-0.00245939,32854,33016,34130
258,90.2322,89.3367,0.00656956,0.00880846,-0.00340521,0.000591635,32979,32940,34081
259,88.1381,88.9742,-0.0234819,-0.00406614,-0.0140409,0.0013961,32995,32903,34102
260,89.9345,88.9054,0.0201761,-0.000773417,0.00866754,-0.00470538,32786,33096,34118
261,88.0584,89.013,-0.0210811,0.00120994,-0.0102987,-0.00238475,32839,32996,34165
262,89.8852,88.8795,0.020533,-0.0015009,0.00928154,-0.00428428,32770,33052,34178
263,88.0961,89.0918,-0.0201046,0.00238524,-0.0088662,-0.003086,32789,32992,34219
264,90.2579,89.4369,0.0242427,0.00386687,0.0151052,-0.00750897,32647,33141,34212
265,91.0434,90.1084,0.00866514,0.00747915,-0.00165829,-0.00470867,32763,33073,34164
266,89.2543,90.2938,-0.0198467,0.00205617,-0.00826726,-0.00267331,32830,33006,34164
267,91.4997,90.6869,0.024846,0.00434372,0.0159232,-0.006376,32726,33146,34128
268,89.0548,89.8014,-0.0270842,-0.00981198,-0.0187348,-0.00398067,32778,33040,34182
269,88.7878,89.0225,-0.00300216,-0.00871128,-0.000361882,-0.0108732,32567,33283,34150
270,90.4979,89.3681,0.0190772,0.00387466,0.00651493,-0.00757104,32705,33204,34091
271,88.2727,89.0677,-0.024895,-0.00336784,-0.0159301,-0.00477758,32809,33124,34067
272,90.4193,89.5941,0.0240264,0.00589351,0.0148584,-0.00899725,32658,33251,34091
273,91.3458,90.1665,0.010194,0.00636804,-0.00279994,-0.00640617,32726,33148,34126
274,89.3788,90.3386,-0.0217683,0.00190684,-0.0110871,-0.00842556,32658,33213,34129
275,91.3173,90.3697,0.0214567,0.000344677,0.0110258,-0.0125809,32493,33321,34186
276,92.4415,90.9941,0.012236,0.00688552,-0.00354532,-0.00836585,32656,33207,34137
277,89.8986,90.6384,-0.0278939,-0.00391714,-0.0196985,-0.00920693,32607,33213,34180
278,89.6291,89.984,-0.00300198,-0.00724639,0.000949101,-0.0123937,32512,33328,34160
279,89.8977,89.9479,0.00299195,-0.000400995,0.00355009,-0.0078575,32640,33157,34203
280,90.2424,89.5803,0.00382757,-0.00409469,-0.00353655,-0.0074813,32636,33128,34236
281,88.1545,89.0007,-0.0234088,-0.00649145,-0.0138556,-0.00876806,32615,33192,34193
282,89.9731,88.9567,0.0204203,-0.000494238,0.00905898,-0.0119362,32532,33318,34150
283,88.1653,89.2136,-0.0202981,0.00288305,-0.00847822,-0.00638201,32695,33115,34190
284,88.0197,88.5019,-0.00165278,-0.00800916,0.00381072,-0.00969016,32601,33239,34160
285,87.738,88.3436,-0.00320556,-0.00178993,0.00367357,-0.0129101,32495,33345,34160
286,89.6437,88.6813,0.0214885,0.00381557,0.0106947,-0.0157389,32394,33430,34176
287,87.7998,88.834,-0.0207842,0.0017197,-0.00907407,-0.0144654,32430,33382,34188
288,89.7899,88.8855,0.0224132,0.000580212,0.0122903,-0.0174751,32357,33508,34135
289,87.3688,88.1231,-0.027334,-0.0086146,-0.0187374,-0.0140396,32480,33405,34115
290,89.3292,88.4216,0.0221902,0.00338195,0.0119786,-0.014653,32446,33411,34143
291,87.5223,88.5505,-0.0204351,0.0014559,-0.00875578,-0.0157694,32424,33463,34113
292,86.8771,87.5162,-0.00739915,-0.0117484,-6.90408e-05,-0.0184862,32361,33580,34059
293,88.9573,88.1065,0.0236626,0.0067218,0.0140519,-0.0182028,32389,33590,34021
294,89.6975,88.9725,0.00828648,0.00978101,0.000170365,-0.0136251,32505,33403,34092
295,90.406,89.4173,0.0078671,0.00498763,-0.00312848,-0.0140118,32475,33398,34127
296,91.2524,90.0097,0.00931908,0.00660224,-0.00439335,-0.0125486,32499,33325,34176
297,89.4601,90.55,-0.0198372,0.00598576,-0.00772666,-0.00936,32598,33214,34188
298,91.5468,90.6268,0.0230581,0.000847028,0.0129576,-0.0125678,32488,33315,34197
299,89.3861,90.2409,-0.0238847,-0.00426726,-0.0143678,-0.00884714,32601,33183,34216
300,91.4082,90.4687,0.0223701,0.00252178,0.0120387,-0.0110141,32505,33229,34266
301,92.5218,91.2485,0.0121084,0.00858186,-0.00174956,-0.00606798,32678,33077,34245
302,90.3723,91.2423,-0.0235064,-6.77419e-05,-0.0139257,-0.00404747,32727,32993,34280
303,92.9073,92.1441,0.0276646,0.00983545,0.0194162,-0.0066761,32659,33098,34243
304,91.0477,92.0573,-0.020219,-0.000943096,-0.00919155,-0.00171871,32817,32930,34253
305,93.46,92.6534,0.0261501,0.00645492,0.0174824,-0.00646929,32635,33060,34305
306,91.7766,92.9443,-0.0181763,0.00313491,-0.00553278,-0.00533848,32699,33050,34251
307,94.1977,93.391,0.0260387,0.00479476,0.0174382,-0.00839825,32588,33140,34272
308,92.0157,92.8776,-0.0234367,-0.00551316,-0.0141136,-0.0043469,32754,33040,34206
309,93.9805,92.9603,0.0211278,0.000890264,0.0102134,-0.00599748,32733,33128,34139
310,91.7286,92.5644,-0.0242528,-0.00426741,-0.0151819,-0.00397753,32804,33066,34130
311,93.9604,93.1054,0.0240399,0.0058272,0.0148982,-0.00852187,32693,33255,34052
312,95.2654,93.5967,0.0137924,0.00526332,-0.00387836,-0.00177313,32934,33051,34015
313,93.0265,93.8922,-0.0237815,0.00315164,-0.0145191,0.000500114,33009,32976,34015
314,95.0451,94.0339,0.0214663,0.00150782,0.0107702,-0.000985371,32950,33015,34035
315,93.0797,94.0743,-0.0208953,0.000430314,-0.0102658,0.00027305,32970,32952,34078
316,95.6516,94.869,0.0272563,0.00841148,0.0190411,-0.00320002,32863,33074,34063
317,93.6652,94.6473,-0.0209858,-0.00233934,-0.0105546,0.00050063,32975,32942,34083
318,95.7671,94.7941,0.0221933,0.00154995,0.0119812,-0.00526468,32782,33129,34089
319,93.6009,94.5072,-0.0228793,-0.00303162,-0.0132437,-0.00403262,32848,33114,34038
320,95.9079,95.0422,0.0243486,0.00564554,0.0152811,-0.00473143,32815,33127,34058
321,96.79,95.6896,0.00915481,0.00678804,-0.00227946,-0.00194086,32911,33039,34050
322,95.0529,96.2903,-0.0181098,0.00625839,-0.00517589,0.000212198,32995,32981,34024
323,97.5126,96.6675,0.0255473,0.00390933,0.0168433,-0.00204524,32936,33071,33993
324,95.5384,96.5934,-0.0204527,-0.000767134,-0.00947114,-0.000348575,32980,33003,34017
325,97.663,96.6671,0.0219948,0.000763237,0.0117448,-0.00357652,32875,33111,34014
326,98.7316,97.3884,0.0108815,0.00743362,-0.00281637,-0.000317878,33021,33042,33937
327,96.4464,97.3669,-0.0234172,-0.000220548,-0.0139184,0.00440342,33188,32897,33915
328,97.091,96.8041,0.00666078,-0.00579688,0.00370187,0.00396717,33152,32890,33958
329,95.2557,96.359,-0.019083,-0.00460844,-0.00756735,0.00548036,33208,32846,33946
330,97.1569,95.9998,0.0197614,-0.00373481,0.00778082,0.003511,33155,32923,33922
331,94.9937,95.951,-0.022516,-0.000509007,-0.0124896,0.00791453,33302,32779,33919
332,97.3938,96.523,0.0249516,0.00594402,0.0159705,0.00827223,33275,32729,33996
333,95.4737,96.5719,-0.0199118,0.000506152,-0.00847501,0.00852914,33286,32723,33991
334,95.9261,95.4514,0.00472714,-0.0116697,-0.000232867,0.00590999,33190,32800,34010
335,96.1412,95.9903,0.00224051,0.00562978,0.000669769,0.00338356,33065,32842,34093
336,96.3702,95.7319,0.00237883,-0.00269548,-0.00426623,0.00338284,33072,32849,34079
337,93.9661,94.7502,-0.0252628,-0.0103077,-0.0169527,0.00746835,33185,32693,34122
338,96.362,95.5136,0.0251775,0.00802458,0.0163347,0.00306842,33017,32815,34168
339,94.4705,95.6146,-0.0198246,0.00105719,-0.0077857,0.00622854,33118,32708,34174
340,96.8561,95.9972,0.0249391,0.00399309,0.016032,0.00431768,33030,32746,34224
341,94.6462,95.5784,-0.0230804,-0.00437202,-0.0132792,0.00986877,33206,32557,34237
342,96.52,95.35,0.0196048,-0.00239326,0.00740799,0.00892979,33161,32574,34265
343,94.6185,95.7042,-0.0198971,0.00370877,-0.00848805,0.0118892,33278,32496,34226
344,96.5984,95.5173,0.020709,-0.0019554,0.00945368,0.00858336,33195,32630,34175
345,94.6502,95.7046,-0.020374,0.0019595,-0.00929581,0.0101756,33257,32587,34156
346,97.5454,96.8102,0.0301296,0.0114861,0.0225643,0.00711911,33174,32705,34121
347,95.7689,96.9741,-0.0183799,0.00169064,-0.00587467,0.00900026,33240,32647,34113
348,97.817,96.7736,0.0211598,-0.00206952,0.0104357,0.00564646,33127,32755,34118
349,95.8126,96.8562,-0.0207041,0.000853954,-0.00987018,0.00578087,33144,32763,34093
350,98.0069,97.0558,0.022644,0.00205856,0.0128925,0.0065421,33156,32725,34119
351,96.2623,97.4998,-0.017961,0.00456433,-0.00518712,0.00916902,33239,32635,34126
352,98.1875,97.0403,0.019802,-0.00472413,0.00804979,0.00596313,33149,32756,34095
353,96.2287,97.2951,-0.0201511,0.00262192,-0.00913025,0.00841483,33255,32700,34045
354,98.1208,96.9682,0.0194719,-0.00336554,0.00765535,0.00210692,33056,32917,34027
355,95.7928,96.6777,-0.0240119,-0.00300034,-0.0148169,0.00541163,33163,32806,34031
356,98.4309,97.6367,0.027167,0.00987128,0.0190664,0.00583661,33174,32789,34037
357,96.051,96.9151,-0.0244752,-0.00741834,-0.015519,0.00786183,33203,32685,34112
358,97.8188,96.5447,0.0182378,-0.0038295,0.0051267,0.00601166,33134,32738,34128
359,95.5403,96.421,-0.0235696,-0.00128183,-0.014393,0.00829806,33233,32686,34081
360,97.4567,96.3703,0.0198606,-0.00052599,0.00865062,0.00100118,32994,32928,34078
361,95.2406,96.1598,-0.023002,-0.00218655,-0.0133965,-0.000333748,32948,32970,34082
362,96.9848,95.7791,0.0181481,-0.0039674,0.00563804,-0.00316537,32909,33118,33973
363,94.723,95.6062,-0.0235976,-0.00180683,-0.0143168,0.00139318,33064,32972,33964
364,97.0355,96.1868,0.02412,0.00605455,0.0153353,-0.000590506,33003,33042,33955
365,95.2558,96.4429,-0.0185103,0.00265956,-0.0061251,0.000423844,33045,33017,33938
366,97.4124,96.4825,0.0223872,0.000409791,0.012795,-0.000892952,33007,33066,33927
367,95.1511,96.0449,-0.0234876,-0.00454589,-0.0141381,0.000121047,33049,33041,33910
368,96.9839,95.8695,0.0190794,-0.00182768,0.00752182,-0.00316374,32926,33135,33939
369,94.8408,95.7726,-0.0223454,-0.0010114,-0.0125689,-0.00263222,32965,33139,33896
370,96.7793,95.7468,0.0202336,-0.000269631,0.00950678,-0.00496218,32886,33214,33900
371,94.6373,95.5686,-0.0223819,-0.00186299,-0.0125898,-0.00403006,32869,33135,33996
372,96.6999,95.7396,0.0215603,0.0017881,0.0115802,-0.00401509,32868,33133,33999
373,93.9704,94.703,-0.0286324,-0.0108857,-0.0208658,0.00130358,33029,32943,34028
374,95.7582,94.6258,0.0188466,-0.000816369,0.00695018,-0.000197056,32979,32992,34029
375,93.9809,95.1581,-0.0187344,0.00560987,-0.00628654,-0.000106059,32997,33004,33999
376,95.8374,94.7633,0.0195613,-0.00415735,0.00829047,-0.0030303,32900,33100,34000
377,93.5046,94.3441,-0.0246423,-0.00443321,-0.015704,-0.0039564,32854,33115,34031
378,95.7489,94.8993,0.0237178,0.00586765,0.0148059,-0.00680664,32758,33207,34035
379,95.8328,95.4579,0.000876723,0.00586893,-0.00304297,-0.00284969,32892,33080,34028
380,96.4207,96.0346,0.00611591,0.00602277,0.00210307,-0.00210737,32910,33049,34041
381,96.852,96.343,0.00446255,0.00320611,-0.000806721,-0.000318399,32967,32988,34045
382,94.9838,96.1382,-0.0194771,-0.0021275,-0.00739677,0.00162158,33046,32939,34015
383,97.3802,96.514,0.0249163,0.00390131,0.0159817,-0.000833245,32976,33031,33993
384,95.5407,96.7297,-0.019071,0.0022316,-0.00670305,-0.000454353,32999,33029,33972
385,98.727,98.0293,0.0328066,0.013346,0.025714,-0.00371027,32894,33139,33967
386,96.6693,97.7162,-0.0210627,-0.0031984,-0.010291,-0.00280197,32920,33105,33975
387,98.7264,97.6526,0.0210567,-0.000651097,0.0101205,-0.00419386,32886,33163,33951
388,96.6699,97.7039,-0.0210509,0.000524671,-0.0104115,-0.00134814,32964,33053,33983
389,98.9061,97.9556,0.0228691,0.00257345,0.0132129,-0.00363449,32897,33137,33966
390,96.9816,98.1078,-0.0196498,0.00155182,-0.00810442,-0.00151483,32957,33057,33986
391,99.6118,98.789,0.0267593,0.00691946,0.0184648,-0.00401594,32861,33126,34013
392,97.5344,98.5545,-0.0210749,-0.0023765,-0.010671,-0.000590793,32987,33026,33987
393,100.24,99.4369,0.027365,0.00891412,0.019318,-0.00672666,32781,33225,33994
394,98.2861,99.3983,-0.0196875,-0.000388674,-0.00843565,-0.00658841,32795,33230,33975
395,100.592,99.6489,0.0231894,0.00251863,0.0137705,-0.0102303,32701,33377,33922
396,98.7093,99.8905,-0.0188934,0.00242137,-0.00699756,-0.00961684,32749,33385,33866
397,101.53,100.744,0.0281794,0.00850576,0.0204016,-0.012232,32624,33432,33944
398,99.6565,100.875,-0.0186292,0.00129816,-0.00647956,-0.0116376,32655,33424,33921
399,101.559,100.294,0.0189127,-0.00577099,0.00637867,-0.0128816,32606,33457,33937
400,99.1746,100.093,-0.0237601,-0.00200703,-0.0145411,-0.0105254,32668,33363,33969
401,101.154,100.014,0.0197581,-0.000789178,0.00842987,-0.0111663,32677,33415,33908
402,99.2902,100.521,-0.0185929,0.005057,-0.00627119,-0.00711302,32803,33273,33924
403,101.382,100.318,0.0208519,-0.00202254,0.0102991,-0.00982961,32688,33337,33975
404,98.0921,98.7989,-0.0329923,-0.0152595,-0.0258122,-0.00659181,32778,33213,34009
405,98.21,98.5601,0.0012013,-0.00242024,0.0047599,-0.00925772,32694,33305,34001
406,98.3223,98.6143,0.00114346,0.000550028,0.00410863,-0.00665819,32822,33262,33916
407,98.4102,97.8965,0.000893101,-0.0073055,-0.00434033,-0.00547605,32872,33234,33894
408,96.5693,97.7427,-0.0188838,-0.00157214,-0.00680557,-0.00556244,32895,33263,33842
409,95.8423,96.864,-0.00755604,-0.00903068,0.00304756,-0.00562341,32890,33262,33848
410,97.898,96.8519,0.021222,-0.000125532,0.0104781,-0.00685211,32829,33282,33889
411,95.8516,96.9315,-0.021125,0.000821593,-0.00992236,-0.00435638,32911,33199,33890
412,98.2157,97.325,0.0243645,0.0040513,0.0152539,-0.00670511,32813,33256,33931
413,99.237,97.849,0.0103447,0.00536977,-0.00374079,0.001181,33062,32984,33954
414,96.7893,97.6934,-0.0249743,-0.00159122,-0.0156767,0.00397948,33176,32913,33911
415,99.1569,98.2449,0.0241674,0.00562931,0.0149268,0.00225447,33120,32971,33909
416,97.1198,98.2155,-0.0207587,-0.000298959,-0.00953953,0.00291827,33164,32971,33865
417,99.2123,98.1908,0.0213164,-0.000251996,0.0109672,0.00136124,33103,33013,33884
418,97.0032,97.9998,-0.0225177,-0.00194677,-0.012296,0.00550248,33258,32894,33848
419,98.8834,97.7175,0.019198,-0.00288477,0.00733693,0.00305496,33162,32960,33878
420,97.0909,98.379,-0.0182945,0.00674706,-0.00511401,0.00245113,33127,32965,33908
421,99.1967,98.1862,0.0214576,-0.00196214,0.0112183,0.000831884,33085,33030,33885
422,97.1786,98.2368,-0.0205547,0.000515502,-0.00972373,0.00304135,33145,32944,33911
423,99.8525,99.0406,0.0271441,0.00814866,0.0189797,0.00146754,33097,33000,33903
424,100.959,99.5943,0.0110193,0.00557498,-0.00258947,0.00428236,33184,32901,33915
425,98.8411,99.8807,-0.0211999,0.00287144,-0.0107373,0.00870381,33319,32744,33937
426,101.002,99.9547,0.0216221,0.00074097,0.0112035,0.00525638,33181,32834,33985
427,98.9758,100.074,-0.0202603,0.00118987,-0.00922866,0.00855426,33307,32742,33951
428,101.669,100.834,0.0268485,0.00756381,0.0185954,0.00415967,33193,32918,33889
429,99.3867,100.347,-0.0227062,-0.00483988,-0.013093,0.00707697,33299,32831,33870
430,101.677,100.702,0.0227816,0.00353154,0.0131447,0.00468575,33234,32924,33842
431,99.615,100.687,-0.0204865,-0.000143072,-0.00977997,0.00715485,33291,32818,33891
432,102.285,101.441,0.0264509,0.00745475,0.0181613,0.00460285,33175,32871,33954
433,100.335,101.466,-0.0192477,0.000251379,-0.00803826,0.011221,33389,32648,33963
434,103.018,102.161,0.0263839,0.00682439,0.0180338,0.00527225,33177,32829,33994
435,100.884,101.924,-0.0209319,-0.00232391,-0.010674,0.00786399,33258,32739,34003
436,103.306,102.368,0.0237272,0.00434798,0.0146059,0.00390909,33129,32871,34000
437,100.793,101.685,-0.0246281,-0.00669791,-0.0158193,0.00502832,33179,32847,33974
438,101.487,101.14,0.00685994,-0.00537077,0.00343803,0.00302975,33106,32906,33988
439,99.4723,100.496,-0.020048,-0.00638723,-0.00980914,0.00464947,33168,32861,33971
440,101.374,100.167,0.0189342,-0.0032795,0.00695935,0.00200127,33045,32913,34042
441,99.395,100.525,-0.0197121,0.00357239,-0.00840243,0.00648367,33220,32792,33988
442,101.306,100.083,0.0190491,-0.00441599,0.00689371,0.00547708,33136,32775,34089
443,102.192,101.216,0.0087059,0.0112592,-0.000896269,0.00714925,33176,32705,34119
444,100.338,101.632,-0.0183084,0.0041011,-0.00550107,0.00966279,33280,32643,34077
445,102.393,101.269,0.0202696,-0.00357497,0.00923236,0.00889623,33285,32698,34017
446,100.495,101.761,-0.0187076,0.00484746,-0.00618978,0.00859469,33269,32702,34029
447,103.004,102.093,0.0246584,0.00325884,0.0157766,0.00686915,33200,32747,34053
448,101.019,102.213,-0.0194636,0.00117685,-0.00770493,0.00951572,33259,32632,34109
449,103.569,102.658,0.0249327,0.00434223,0.0161009,0.00731411,33191,32709,34100
450,104.678,103.077,0.0106516,0.00407102,-0.00476074,0.00989558,33270,32618,34112
451,102.298,103.313,-0.0229961,0.00228771,-0.0131246,0.0116129,33320,32555,34125
452,104.818,103.865,0.0243332,0.00533129,0.0152028,0.0106567,33288,32586,34126
453,102.379,103.346,-0.0235482,-0.00501692,-0.0141473,0.0172375,33490,32355,34155
454,104.335,103.042,0.0189306,-0.0029459,0.00645495,0.0122599,33357,32549,34094
455,101.461,102.28,-0.0279299,-0.00741501,-0.0198906,0.0153622,33477,32464,34059
456,103.55,102.418,0.0203774,0.00134934,0.00938858,0.0136306,33464,32564,33972
457,100.878,101.747,-0.0261459,-0.00657999,-0.0175689,0.0139002,33480,32562,33958
458,103.326,102.416,0.0239777,0.00655827,0.0151354,0.011629,33405,32637,33958
459,101.05,102.061,-0.0222741,-0.00347507,-0.0123174,0.0141544,33496,32561,33943
460,100.521,101.331,-0.00524278,-0.00717782,0.00277886,0.00980526,33316,32669,34015
461,102.651,101.594,0.0209649,0.00259662,0.0106183,0.00945598,33307,32683,34010
462,100.272,101.225,-0.0234467,-0.00364319,-0.0139898,0.0106823,33351,32646,34003
463,102.405,101.362,0.0210477,0.00134808,0.010805,0.0084991,33284,32723,33993
464,100.392,101.551,-0.019859,0.0018637,-0.00837901,0.0104061,33353,32666,33981
465,102.319,101.129,0.0190139,-0.00415852,0.00732151,0.00906793,33328,32729,33943
466,99.5577,100.387,-0.0273548,-0.00736903,-0.0190614,0.00694392,33280,32821,33899
467,98.491,99.7701,-0.0107719,-0.00616145,0.00213195,0.00335499,33196,32974,33830
468,100.467,99.3877,0.019866,-0.00384032,0.00906355,0.00160145,33148,33042,33810
469,98.3613,99.4418,-0.0211835,0.000543558,-0.0102589,0.00602619,33305,32906,33789
470,100.506,99.5236,0.0215712,0.00082248,0.0117471,0.000815267,33145,33091,33764
471,98.1566,99.0975,-0.0236546,-0.00429009,-0.0141142,0.00316905,33238,33028,33734
472,97.2351,98.5819,-0.00943272,-0.00521687,0.00432353,0,33157,33157,33686
473,99.7496,98.9165,0.025532,0.00338854,0.0171448,-0.00107,33142,33213,33645
474,97.7967,98.9635,-0.0197725,0.000474906,-0.00791231,0.00235216,33239,33083,33678
475,100.06,99.1299,0.0228765,0.00168018,0.0135404,0.00354476,33265,33030,33705
476,100.596,99.6066,0.00534495,0.00479682,-0.00453929,0.00731093,33412,32927,33661
477,98.2054,99.1146,-0.0240514,-0.00495122,-0.0148355,0.00885676,33489,32901,33610
478,100.201,99.1018,0.0201206,-0.000129116,0.00908681,0.00692729,33432,32972,33596
479,98.1316,99.1892,-0.0208723,0.000881154,-0.0101526,0.0089002,33497,32906,33597
480,100.337,99.3683,0.0222247,0.00180469,0.0125244,0.00495818,33342,33013,33645
481,100.991,99.8388,0.00649536,0.00472333,-0.004977,0.0081835,33448,32905,33647
482,98.8246,99.8535,-0.0216828,0.000147149,-0.0113252,0.0107319,33528,32816,33656
483,100.909,99.8463,0.0208723,-7.23906e-05,0.0102852,0.00746055,33422,32927,33651
484,98.7704,99.809,-0.0214209,-0.000373225,-0.0109604,0.00726779,33401,32919,33680
485,100.841,99.7878,0.0207445,-0.000212618,0.0102479,0.00337716,33276,33052,33672
486,101.411,100.337,0.00564204,0.0054899,-0.00500664,0.00549318,33314,32950,33736
487,98.9413,99.8501,-0.024658,-0.00486606,-0.0155147,0.00491823,33305,32979,33716
488,101.735,100.937,0.0278402,0.0108221,0.0199654,-9.05141e-05,33141,33147,33712
489,99.4893,100.504,-0.022317,-0.00429774,-0.0121726,0.00476521,33315,32999,33686
490,99.1708,99.5718,-0.00320618,-0.00931467,0.000829748,0.0035292,33269,33035,33696
491,101.186,100.064,0.0201135,0.00492587,0.0089618,0.00441937,33296,33003,33701
492,99.0628,100.14,-0.0212035,0.000759107,-0.0103926,0.00962757,33453,32815,33732
493,101.032,99.8857,0.019686,-0.00253759,0.00827326,0.00588005,33358,32968,33674
494,98.631,99.5594,-0.0240543,-0.00327259,-0.0146853,0.00974153,33480,32834,33686
495,98.6827,98.9244,0.000524853,-0.00639862,0.00297039,0.00779236,33432,32915,33653
496,100.89,99.8931,0.0221206,0.00974533,0.0121909,0.00695083,33392,32931,33677
497,98.509,99.4324,-0.0238825,-0.00462293,-0.0145527,0.00920366,33444,32834,33722
498,98.5148,98.662,5.81103e-05,-0.00777806,0.0015517,0.00882606,33433,32848,33719
499,98.3734,98.6066,-0.00143628,-0.000561933,0.000931661,0.0102193,33462,32785,33753
500,100.25,99.0029,0.0189008,0.00401072,0.00637866,0.010986,33497,32769,33734
501,101.18,100.042,0.00923341,0.0104445,-0.00207759,0.0108199,33492,32775,33733
502,98.8182,99.7696,-0.0236222,-0.0027301,-0.0140411,0.0105206,33426,32730,33844
503,100.901,99.7996,0.0208606,0.000301468,0.00988253,0.00941756,33388,32765,33847
504,98.5313,99.4537,-0.0237689,-0.00347282,-0.0144509,0.0130714,33520,32655,33825
505,100.389,99.1434,0.0186773,-0.00312419,0.00619379,0.00774209,33322,32810,33868
506,98.2792,99.3234,-0.0212387,0.0018136,-0.0106699,0.00856201,33336,32770,33894
507,100.591,99.6456,0.0232513,0.00323886,0.0138077,0.007169,33296,32822,33882
508,98.5756,99.6719,-0.0202401,0.000263425,-0.00918023,0.0113868,33441,32688,33871
509,101.753,101.019,0.0317229,0.0134221,0.024482,0.0122901,33482,32669,33849
510,99.9153,101.159,-0.018224,0.00139052,-0.00585042,0.0138597,33540,32623,33837
511,102.667,101.843,0.027171,0.00673916,0.0191127,0.0104633,33414,32722,33864
512,100.661,101.784,-0.0197381,-0.000584168,-0.00864245,0.0133829,33507,32622,33871
513,102.851,101.806,0.0215303,0.000222179,0.0113178,0.0098962,33370,32716,33914
514,100.976,102.225,-0.0184062,0.00410337,-0.00610917,0.010246,33425,32747,33828
515,103.944,103.156,0.0289734,0.00906946,0.0213664,0.00827745,33376,32828,33796
516,101.273,102.118,-0.0260304,-0.0101129,-0.0177198,0.0121712,33514,32708,33778
517,103.308,102.146,0.0198965,0.000267518,0.00857804,0.00625321,33310,32896,33794
518,104.088,102.854,0.00751719,0.0069088,-0.00440962,0.00936245,33421,32801,33778
519,102.068,103.231,-0.0195943,0.00366354,-0.00826327,0.00941159,33409,32786,33805
520,102.234,101.986,0.00161797,-0.0121346,-0.000803558,0.00821876,33367,32823,33810
521,104.185,102.907,0.0189061,0.0089842,0.00656267,0.00826296,33373,32826,33801
522,101.924,102.958,-0.0219427,0.000499679,-0.0118438,0.00835865,33356,32803,33841
523,103.997,102.856,0.0201407,-0.000990729,0.00910818,0.00625359,33308,32894,33798
524,104.683,103.592,0.0065679,0.00713019,-0.00390235,0.00766359,33332,32825,33843
525,102.44,103.507,-0.021658,-0.000827187,-0.0112974,0.0105244,33414,32718,33868
526,104.474,103.289,0.0196617,-0.00210169,0.00825892,0.00943054,33396,32772,33832
527,102.331,103.447,-0.0207221,0.00152808,-0.00987467,0.0129482,33522,32665,33813
528,104.706,103.727,0.022943,0.00270297,0.0135504,0.0067392,33313,32867,33820
529,102.405,103.44,-0.022223,-0.00276792,-0.0121605,0.0104217,33449,32759,33792
530,101.887,102.899,-0.00506778,-0.00524969,0.0048128,0.00728251,33334,32852,33814
531,104.051,102.976,0.0210158,0.000751897,0.0106325,0.00826147,33379,32832,33789
532,101.734,102.759,-0.0225224,-0.00211636,-0.0124997,0.00961626,33387,32751,33862
533,103.918,102.855,0.0212473,0.000935896,0.0109586,0.00875032,33374,32795,33831
534,101.775,102.872,-0.0208456,0.000166611,-0.0101221,0.010848,33406,32689,33905
535,103.721,102.476,0.0189397,-0.00385456,0.00686893,0.010807,33391,32677,33932
536,101.843,103.169,-0.0182697,0.00673508,-0.00533566,0.0101319,33399,32729,33872
537,104.105,103.08,0.0219648,-0.000855526,0.0120785,0.00887928,33348,32761,33891
538,104.71,103.772,0.00580057,0.00668433,-0.00320199,0.00766915,33308,32801,33891
539,102.667,103.883,-0.0197016,0.00106954,-0.00793301,0.00825971,33325,32779,33896
540,102.493,102.659,-0.00170234,-0.0118519,-8.33029e-05,0.00695747,33288,32828,33884
541,102.657,102.09,0.00160532,-0.00556096,-0.00394192,0.0089133,33335,32746,33919
542,100.67,101.821,-0.0195536,-0.0026343,-0.00818154,0.0098164,33330,32682,33988
543,102.511,101.187,0.0181298,-0.00624446,0.00512759,0.00881144,33259,32678,34063
544,100.015,100.95,-0.0246493,-0.00234481,-0.015347,0.00955066,33297,32667,34036
545,102.343,101.386,0.0230014,0.0043062,0.0136085,0.00356552,33072,32837,34091
546,100.072,101.118,-0.0224408,-0.00264063,-0.0120336,0.00446605,33062,32768,34170
547,102.237,101.231,0.021412,0.00111378,0.011521,0.000243065,32921,32905,34174
548,99.8777,100.871,-0.0233507,-0.00356428,-0.0134553,0.0017161,32980,32867,34153
549,101.849,100.743,0.0195461,-0.00126585,0.00862952,-0.0015793,32874,32978,34148
550,99.5971,100.622,-0.0223591,-0.00120237,-0.0121189,-0.000698112,32923,32969,34108
551,101.477,100.29,0.0186951,-0.00330335,0.00693688,0.00213808,33044,32903,34053
552,99.033,99.9468,-0.0243759,-0.00343236,-0.0151906,0.00515464,33150,32810,34040
553,100.809,99.5597,0.0177765,-0.00388073,0.00530454,0.00230143,33099,32947,33954
554,98.6032,99.6083,-0.0221257,0.000487849,-0.0119842,0.00337475,33151,32928,33921
555,100.983,100.108,0.0238532,0.00500732,0.0151489,-0.00210354,32970,33109,33921
556,98.916,100.014,-0.0206855,-0.000943565,-0.00964794,0.000287413,33063,33044,33893
557,100.935,99.888,0.0202019,-0.00125938,0.00977822,-0.00312939,32970,33177,33853
558,99.0625,100.332,-0.0187226,0.00443856,-0.00598516,-9.07139e-05,33068,33074,33858
559,101.224,100.235,0.0215862,-0.000971646,0.0117658,-0.00101354,33019,33086,33895
560,99.3027,100.495,-0.0191642,0.00258765,-0.00723279,-0.0009223,33039,33100,33861
561,101.271,100.164,0.0196296,-0.00329207,0.00863933,-0.00423908,32886,33166,33948
562,99.2528,100.376,-0.020132,0.00211314,-0.00887717,-0.00317931,32921,33131,33948
563,101.289,100.233,0.0203034,-0.0014231,0.0098317,-0.00575043,32851,33231,33918
564,101.734,100.89,0.00439088,0.0065248,-0.00394689,-0.00536781,32890,33245,33865
565,99.3419,100.277,-0.0237972,-0.00609338,-0.0144311,-0.00198206,32981,33112,33907
566,101.233,100.057,0.0188617,-0.00219179,0.00717427,-0.00403964,32914,33181,33905
567,98.9767,99.9621,-0.0225442,-0.000950395,-0.0126379,0.000226974,33051,33036,33913
568,101.797,101.015,0.0280998,0.0104784,0.0203847,-0.00148292,32994,33092,33914
569,102.516,101.483,0.00703559,0.00462497,-0.00309017,0.00257069,33150,32980,33870
570,100.538,101.706,-0.019489,0.00219195,-0.00793381,0.0050941,33246,32909,33845
571,102.441,101.195,0.0187516,-0.00503295,0.00652226,0.000816623,33090,33036,33874
572,99.187,99.9228,-0.032276,-0.0126558,-0.0248851,-0.000771103,33044,33095,33861
573,98.0579,99.3304,-0.0114487,-0.0059459,0.00144497,-0.00491642,32890,33215,33895
574,100.114,99.0801,0.0207471,-0.00252339,0.0103703,-0.00968171,32732,33372,33896
575,98.1499,99.3251,-0.0198092,0.00246987,-0.00790693,-0.00732485,32864,33349,33787
576,100.186,99.1282,0.020529,-0.00198484,0.0099174,-0.0057676,32925,33307,33768
577,98.3162,99.5963,-0.0188367,0.00471118,-0.00590042,-0.00629083,32935,33352,33713
578,100.22,99.0855,0.0191794,-0.00514125,0.00779503,-0.0101406,32798,33470,33732
579,98.2988,99.5249,-0.0193561,0.00442442,-0.00695992,-0.0100232,32791,33455,33754
580,100.671,99.7865,0.0238442,0.00262465,0.0150208,-0.0124516,32676,33500,33824
581,97.972,98.7957,-0.0271748,-0.00997856,-0.0188019,-0.00912249,32803,33407,33790
582,99.75,98.5232,0.0179863,-0.00276165,0.00561116,-0.012065,32672,33470,33858
583,97.1293,97.9609,-0.0266239,-0.00572396,-0.0180991,-0.0104178,32724,33413,33863
584,98.9428,97.7871,0.0184985,-0.00177572,0.00674912,-0.0116399,32691,33461,33848
585,96.6607,97.5898,-0.0233356,-0.0020195,-0.0137688,-0.00907567,32810,33411,33779
586,98.5274,97.415,0.0191283,-0.0017934,0.0077734,-0.00997992,32786,33447,33767
587,96.265,97.1947,-0.0232296,-0.00226377,-0.0136187,-0.00955227,32817,33450,33733
588,95.1739,96.674,-0.0113999,-0.00537147,0.00423945,-0.0150064,32655,33650,33695
589,97.2413,96.2998,0.0214899,-0.00387856,0.0117608,-0.0200492,32479,33808,33713
590,96.6799,96.8826,-0.00578907,0.00603382,-0.00369528,-0.0133603,32678,33563,33759
591,98.5504,97.4806,0.0191624,0.00615343,0.00824722,-0.0124404,32706,33530,33764
592,96.4411,97.4698,-0.0216358,-0.000110808,-0.011026,-0.0126055,32703,33538,33759
593,99.1462,98.374,0.0276625,0.00923448,0.0198443,-0.0165834,32586,33685,33729
594,96.9934,97.9887,-0.0219521,-0.00392466,-0.0117429,-0.0133422,32686,33570,33744
595,96.8542,96.7601,-0.00143634,-0.0126176,-0.00240845,-0.0149542,32639,33630,33731
596,96.2023,97.0887,-0.00675383,0.00339022,0.0024181,-0.0155625,32609,33640,33751
597,95.5269,96.0561,-0.00704507,-0.0106928,-0.00152088,-0.015827,32615,33664,33721
598,95.1621,95.3213,-0.00382649,-0.00767841,-0.00215422,-0.0145579,32661,33626,33713
59